{"AirZoneTemperature[1]": ["reaTZon_y"], "None": ["ahu_reaFloSupAir_y", "ahu_reaPFanRet_y", "ahu_reaPFanSup_y", "ahu_reaTCoiSup_y", "ahu_reaTHeaRec_y", "ahu_reaTRetAir_y", "ahu_reaTSupAir_y", "reaOcc_y", "reaPFan_y", "reaPPum_y", "reaTCoiRet_y", "weaSta_reaWeaCeiHei_y", "weaSta_reaWeaCloTim_y", "weaSta_reaWeaHDifHor_y", "weaSta_reaWeaHDirNor_y", "weaSta_reaWeaHGloHor_y", "weaSta_reaWeaHHorIR_y", "weaSta_reaWeaLat_y", "weaSta_reaWeaLon_y", "weaSta_reaWeaNOpa_y", "weaSta_reaWeaNTot_y", "weaSta_reaWeaPAtm_y", "weaSta_reaWeaRelHum_y", "weaSta_reaWeaSolAlt_y", "weaSta_reaWeaSolDec_y", "weaSta_reaWeaSolHouAng_y", "weaSta_reaWeaSolTim_y", "weaSta_reaWeaSolZen_y", "weaSta_reaWeaTBlaSky_y", "weaSta_reaWeaTDewPoi_y", "weaSta_reaWeaTDryBul_y", "weaSta_reaWeaTWetBul_y", "weaSta_reaWeaWinDir_y", "weaSta_reaWeaWinSpe_y"], "DistrictHeatingPower": ["reaQHea_y"], "ElectricPower": ["reaPEle_y"], "CO2Concentration[1]": ["reaCO2Zon_y"]}